Postal Area (POA),Sex Male/Female (SEXP),Non-Indigenous,Aboriginal,Torres Strait Islander,Both Aboriginal and Torres Strait Islander,Not stated,Total
4000,Male,5095,42,7,0,1635,6779
,Female,4354,21,8,0,1263,5652
4005,Male,4628,46,9,0,938,5624
,Female,4825,36,5,0,750,5623
4006,Male,5846,81,7,4,1083,7024
,Female,5418,37,17,3,782,6258
4007,Male,4071,24,4,0,501,4596
,Female,4604,17,4,4,469,5096
4008,Male,164,3,0,0,26,191
,Female,130,0,3,0,17,148
4009,Male,0,0,0,0,0,0
,Female,0,0,0,0,0,0
4010,Male,836,10,0,0,104,949
,Female,913,7,0,3,61,987
4011,Male,5923,41,5,0,487,6463
,Female,6659,62,4,9,460,7191
4012,Male,7623,104,11,4,396,8141
,Female,8401,100,5,4,392,8904
4013,Male,1736,31,4,3,118,1893
,Female,1782,34,0,3,129,1949
4014,Male,4178,119,14,9,161,4487
,Female,4407,118,18,9,140,4690
4017,Male,15135,273,22,23,921,16369
,Female,15830,311,23,15,1011,17199
4018,Male,3290,34,3,0,132,3460
,Female,3996,58,0,0,140,4191
4019,Male,8176,199,14,16,481,8887
,Female,8563,188,9,8,423,9189
4020,Male,8276,138,12,4,491,8922
,Female,9219,145,11,6,509,9894
4021,Male,4201,84,3,0,189,4477
,Female,4573,81,4,4,226,4888
4022,Male,2156,33,4,0,61,2251
,Female,2538,44,0,0,85,2665
4025,Male,122,0,0,0,41,163
,Female,66,0,0,0,18,87
4030,Male,6461,95,11,8,454,7030
,Female,6743,104,13,5,438,7293
4031,Male,5384,74,11,4,249,5724
,Female,5672,107,12,3,205,6001
4032,Male,5358,83,4,7,261,5709
,Female,6232,96,13,9,249,6587
4034,Male,17315,303,34,16,938,18611
,Female,18685,293,44,19,976,20017
4035,Male,10955,54,11,4,371,11392
,Female,11454,56,6,0,400,11915
4036,Male,2707,56,0,7,131,2903
,Female,2778,51,0,3,117,2948
4037,Male,3474,25,4,3,92,3598
,Female,3560,14,8,3,101,3679
4051,Male,10625,118,8,0,667,11424
,Female,11231,104,4,3,555,11892
4053,Male,17462,189,39,24,1012,18719
,Female,18994,280,37,14,1015,20335
4054,Male,6177,121,7,4,194,6503
,Female,6831,137,20,0,283,7265
4055,Male,8894,85,11,0,186,9184
,Female,9077,79,6,7,166,9334
4059,Male,4223,34,6,0,417,4676
,Female,4582,36,4,3,350,4979
4060,Male,5236,36,5,3,325,5604
,Female,5476,39,4,0,323,5845
4061,Male,7543,48,10,0,292,7887
,Female,8008,35,3,0,182,8228
4064,Male,4122,33,0,6,369,4524
,Female,4454,29,7,3,340,4827
4065,Male,4113,21,3,0,208,4348
,Female,4615,13,3,0,133,4766
4066,Male,6569,47,8,3,720,7351
,Female,6984,32,3,0,585,7605
4067,Male,3821,11,3,0,485,4323
,Female,4116,12,0,0,379,4509
4068,Male,9449,42,3,0,554,10045
,Female,10101,29,10,3,596,10735
4069,Male,15046,32,3,8,436,15517
,Female,15965,31,0,0,435,16435
4070,Male,4065,17,10,0,88,4176
,Female,4172,17,3,0,97,4283
4072,Male,878,0,0,0,9,889
,Female,883,0,0,0,8,894
4073,Male,3894,12,3,0,142,4057
,Female,4369,26,3,0,190,4590
4074,Male,10923,39,8,6,468,11440
,Female,11442,56,3,4,449,11950
4075,Male,9011,55,3,14,351,9441
,Female,9878,50,8,8,305,10253
4076,Male,3468,156,66,7,198,3897
,Female,2236,85,25,5,159,2503
4077,Male,9582,503,32,31,667,10814
,Female,10284,536,44,42,618,11522
4078,Male,9689,122,10,6,404,10241
,Female,10487,138,10,7,472,11120
4101,Male,6986,137,6,3,853,7980
,Female,7160,127,11,6,627,7939
4102,Male,2413,47,3,0,298,2759
,Female,2267,44,3,0,211,2526
4103,Male,5424,75,0,3,509,6014
,Female,5691,59,11,6,365,6132
4104,Male,2503,16,0,0,110,2633
,Female,2593,30,3,0,94,2723
4105,Male,4981,48,3,0,354,5386
,Female,5281,53,0,4,302,5636
4106,Male,948,11,0,0,157,1121
,Female,831,11,0,0,119,966
4107,Male,2519,31,0,3,245,2800
,Female,2504,40,5,3,163,2720
4108,Male,2058,34,8,3,275,2385
,Female,2040,35,6,4,202,2291
4109,Male,15768,121,8,15,948,16856
,Female,16228,125,7,3,799,17160
4110,Male,3429,159,10,20,280,3890
,Female,3418,188,14,17,250,3883
4111,Male,663,0,0,0,46,705
,Female,641,7,0,0,29,676
4112,Male,2917,29,0,0,131,3083
,Female,3184,31,0,3,110,3320
4113,Male,11671,105,27,12,492,12303
,Female,11980,99,18,6,428,12532
4114,Male,13361,589,76,55,1298,15381
,Female,13602,699,93,70,1299,15768
4115,Male,7829,64,9,4,311,8204
,Female,8102,65,8,6,273,8444
4116,Male,8101,35,0,3,384,8526
,Female,8361,36,0,0,402,8808
4117,Male,84,0,0,0,18,107
,Female,57,0,3,0,13,66
4118,Male,12563,215,22,13,573,13385
,Female,12716,246,17,8,560,13545
4119,Male,2088,26,3,0,139,2255
,Female,2112,30,0,4,118,2258
4120,Male,3598,49,7,0,263,3911
,Female,3899,51,4,0,215,4174
4121,Male,10325,99,17,12,386,10840
,Female,11106,131,22,12,333,11604
4122,Male,18032,190,30,30,834,19115
,Female,19610,207,49,29,862,20750
4123,Male,7463,66,9,3,371,7917
,Female,7702,84,11,0,386,8183
4124,Male,7137,136,16,6,520,7814
,Female,7455,117,10,9,443,8035
4125,Male,3279,24,3,0,116,3422
,Female,3171,42,0,0,92,3308
4127,Male,9878,139,10,9,437,10482
,Female,10206,145,14,13,387,10768
4128,Male,7486,47,3,8,317,7859
,Female,7532,38,5,0,347,7923
4129,Male,3403,41,3,5,238,3695
,Female,3451,51,7,4,184,3695
4130,Male,2886,14,0,0,129,3032
,Female,2814,21,0,0,97,2939
4131,Male,3601,143,17,8,323,4086
,Female,3801,173,17,5,255,4245
4132,Male,8382,278,39,16,778,9495
,Female,8461,320,27,18,755,9576
4133,Male,4942,114,6,0,255,5312
,Female,4959,107,5,7,205,5281
4151,Male,6274,57,13,6,299,6648
,Female,6800,59,9,14,278,7153
4152,Male,18266,183,21,24,697,19188
,Female,19870,187,27,13,632,20737
4153,Male,1752,16,0,3,37,1811
,Female,1833,8,0,3,38,1878
4154,Male,2554,20,0,0,139,2707
,Female,2613,19,3,0,93,2732
4155,Male,493,3,0,0,19,517
,Female,500,3,0,0,28,531
4156,Male,1374,4,0,0,53,1435
,Female,1392,3,0,0,54,1449
4157,Male,8992,131,9,6,334,9482
,Female,9227,129,12,7,326,9707
4158,Male,1616,21,13,0,66,1711
,Female,1662,29,10,0,61,1753
4159,Male,6227,52,3,0,305,6595
,Female,6489,43,0,5,322,6866
4160,Male,7451,68,12,3,331,7869
,Female,7847,79,16,4,276,8230
4161,Male,7868,95,13,9,407,8386
,Female,8077,114,6,17,389,8598
4163,Male,6122,51,3,0,270,6449
,Female,6801,55,3,3,267,7135
4164,Male,4859,53,3,7,238,5154
,Female,5049,53,3,4,255,5366
4165,Male,12839,133,9,4,555,13538
,Female,13570,150,5,0,510,14241
4169,Male,5362,64,12,4,836,6273
,Female,5133,59,8,8,620,5820
4170,Male,8736,101,15,15,719,9579
,Female,9234,108,5,12,559,9914
4171,Male,5863,38,6,4,430,6339
,Female,6231,47,3,14,415,6714
4172,Male,1535,41,0,0,139,1710
,Female,1600,49,4,0,119,1780
4173,Male,3756,58,5,3,189,4013
,Female,3869,96,4,7,196,4165
4174,Male,1296,48,6,0,42,1386
,Female,1216,42,3,4,26,1295
4178,Male,9959,204,22,14,555,10757
,Female,10898,250,21,22,547,11734
4179,Male,7621,121,20,12,321,8097
,Female,8240,112,10,14,332,8707
4183,Male,804,162,0,4,65,1042
,Female,718,183,5,3,55,975
4184,Male,2252,51,0,0,152,2460
,Female,2244,55,0,0,132,2432
4205,Male,2013,44,10,4,140,2205
,Female,2357,67,7,3,146,2574
4207,Male,19199,477,48,24,1151,20898
,Female,19303,494,39,22,1113,20970
4208,Male,5044,67,4,5,301,5427
,Female,4924,77,6,4,298,5302
4209,Male,8557,148,9,10,489,9209
,Female,8734,148,7,12,444,9341
4210,Male,5931,55,3,0,312,6299
,Female,6139,64,3,3,323,6533
4211,Male,22300,278,28,15,1176,23798
,Female,23134,281,27,16,1161,24623
4212,Male,9277,69,5,4,530,9885
,Female,9674,81,10,3,512,10278
4213,Male,12208,130,3,5,632,12981
,Female,12535,124,13,8,601,13287
4214,Male,16026,131,8,5,878,17051
,Female,16825,157,6,11,853,17850
4215,Male,17016,242,29,3,1895,19194
,Female,18430,231,16,9,1604,20293
4216,Male,13763,105,9,3,969,14848
,Female,14928,109,10,7,975,16022
4217,Male,13515,79,6,3,3412,17017
,Female,13503,76,10,3,2584,16180
4218,Male,11926,82,15,4,2188,14215
,Female,12572,71,10,0,1700,14358
4219,Male,558,3,0,0,39,598
,Female,617,5,0,0,23,647
4220,Male,11183,86,17,0,1017,12299
,Female,11985,77,5,9,875,12956
4221,Male,11462,146,16,11,736,12371
,Female,11922,161,16,13,700,12801
4223,Male,5898,79,15,5,444,6434
,Female,6198,98,7,10,359,6671
4224,Male,2064,41,6,0,265,2385
,Female,2139,37,5,0,262,2434
4225,Male,2841,28,0,0,392,3260
,Female,2700,36,7,6,299,3042
4226,Male,12486,69,9,0,729,13293
,Female,13752,77,15,4,757,14595
4227,Male,5020,63,11,0,455,5547
,Female,5503,49,4,0,411,5969
4228,Male,4614,51,10,3,338,5015
,Female,4814,52,10,4,340,5218
4229,Male,126,0,0,0,23,145
,Female,128,0,0,0,4,138
4230,Male,437,0,0,0,51,490
,Female,523,3,0,0,66,590
4270,Male,1492,29,0,0,59,1588
,Female,1493,28,7,0,65,1588
4271,Male,1187,10,0,0,65,1264
,Female,1350,9,0,0,75,1436
4272,Male,1766,23,0,0,84,1868
,Female,1873,4,0,0,82,1961
4275,Male,1459,15,3,0,84,1561
,Female,1419,12,3,0,72,1507
4280,Male,6165,107,8,8,346,6634
,Female,5996,115,4,0,315,6435
4285,Male,7000,192,10,13,401,7613
,Female,7070,210,9,16,382,7689
4287,Male,393,10,9,0,16,420
,Female,239,3,0,0,10,250
4300,Male,15493,538,47,34,1114,17223
,Female,15469,603,53,42,960,17123
4301,Male,7063,157,12,14,506,7748
,Female,7059,182,14,10,430,7688
4303,Male,1742,145,9,16,163,2079
,Female,1806,170,4,17,165,2155
4304,Male,6521,222,6,11,355,7119
,Female,6837,224,3,9,309,7381
4305,Male,22834,852,20,35,1255,24993
,Female,23847,832,37,57,1293,26067
4306,Male,14025,247,42,5,645,14969
,Female,13300,224,14,6,552,14091
4307,Male,385,5,3,4,19,411
,Female,365,5,0,0,17,392
4309,Male,1147,8,3,0,65,1228
,Female,1141,7,3,3,59,1216
4310,Male,2424,28,4,3,107,2564
,Female,2531,27,4,0,123,2683
4311,Male,3907,116,11,0,331,4364
,Female,3887,95,4,0,310,4304
4312,Male,1042,9,0,0,66,1122
,Female,1078,11,3,0,42,1132
4313,Male,995,33,0,0,45,1073
,Female,1006,28,0,3,44,1084
4340,Male,2131,53,4,4,114,2293
,Female,2144,57,3,0,113,2323
4341,Male,4816,132,11,7,280,5235
,Female,4860,119,6,5,265,5251
4342,Male,730,19,0,0,67,821
,Female,755,31,7,0,55,844
4343,Male,4168,106,3,0,225,4506
,Female,4264,108,3,0,218,4587
4344,Male,1229,18,0,3,90,1342
,Female,1199,17,0,0,84,1298
4345,Male,58,0,0,0,6,63
,Female,120,0,0,0,11,132
4346,Male,246,5,0,0,28,274
,Female,231,4,0,0,23,259
4347,Male,364,15,0,0,24,401
,Female,356,6,0,0,13,379
4350,Male,43959,1327,61,49,2227,47612
,Female,48141,1442,76,63,2152,51869
4352,Male,9668,140,7,10,446,10264
,Female,9450,127,12,9,348,9947
4354,Male,486,18,0,0,34,537
,Female,467,18,0,0,34,519
4355,Male,1141,12,0,0,38,1192
,Female,1189,15,0,0,33,1236
4356,Male,1844,42,3,0,73,1957
,Female,1873,38,8,0,53,1966
4357,Male,1170,32,6,0,62,1267
,Female,1130,33,0,0,52,1211
4358,Male,1110,36,5,0,30,1187
,Female,966,15,0,0,39,1016
4359,Male,493,5,0,0,6,504
,Female,481,0,0,0,8,494
4360,Male,185,0,0,0,11,199
,Female,185,0,0,0,11,194
4361,Male,1119,18,3,0,57,1201
,Female,1124,15,7,0,47,1192
4362,Male,875,16,0,0,21,924
,Female,886,21,0,3,26,937
4363,Male,396,0,0,0,10,407
,Female,363,7,0,0,10,374
4364,Male,145,3,0,0,6,152
,Female,132,4,0,0,3,135
4365,Male,246,4,0,0,10,263
,Female,222,4,0,0,6,225
4370,Male,7914,224,13,5,416,8571
,Female,8253,253,9,16,419,8944
4371,Male,161,3,0,0,3,172
,Female,178,0,0,0,4,181
4373,Male,389,20,0,0,5,413
,Female,383,22,0,0,12,416
4374,Male,82,0,0,0,4,88
,Female,88,0,0,0,3,90
4377,Male,384,16,0,0,12,412
,Female,374,9,0,0,16,399
4380,Male,3340,61,7,4,137,3543
,Female,3576,46,0,0,147,3763
4381,Male,308,10,0,0,22,345
,Female,291,4,0,0,8,303
4382,Male,186,7,0,0,14,211
,Female,171,7,0,0,6,186
4383,Male,172,8,0,0,13,194
,Female,162,16,0,0,11,184
4387,Male,579,29,0,0,18,629
,Female,520,39,0,5,13,580
4388,Male,216,4,0,0,12,233
,Female,202,3,0,0,14,220
4390,Male,2653,134,0,0,304,3090
,Female,2718,112,5,5,268,3104
4400,Male,690,33,0,3,22,749
,Female,682,28,0,0,20,727
4401,Male,2455,162,4,3,155,2777
,Female,2416,185,9,3,176,2787
4402,Male,325,5,0,0,24,356
,Female,299,16,0,0,21,328
4403,Male,155,7,0,0,8,171
,Female,148,9,0,0,7,163
4404,Male,387,11,0,0,9,407
,Female,354,10,0,0,8,375
4405,Male,5732,307,3,12,380,6428
,Female,5589,340,3,8,362,6302
4407,Male,225,7,0,0,0,230
,Female,205,3,0,0,3,212
4408,Male,340,13,0,0,25,378
,Female,319,5,0,0,22,343
4410,Male,542,20,0,0,22,586
,Female,553,22,0,0,20,595
4411,Male,261,9,0,0,14,280
,Female,235,10,0,0,13,252
4412,Male,231,0,0,0,6,240
,Female,209,3,0,0,9,215
4413,Male,2457,60,9,0,122,2644
,Female,2338,85,6,0,87,2515
4415,Male,851,43,3,3,44,949
,Female,900,43,3,0,50,1006
4416,Male,195,0,0,0,7,208
,Female,161,4,0,0,5,168
4417,Male,339,28,0,0,12,375
,Female,328,38,0,0,14,375
4418,Male,79,0,0,0,0,79
,Female,76,0,0,0,0,76
4419,Male,373,3,0,0,19,391
,Female,364,3,0,0,9,376
4420,Male,662,10,0,0,14,691
,Female,672,5,3,5,15,695
4421,Male,1393,71,0,8,97,1560
,Female,1258,70,5,7,105,1432
4422,Male,312,7,0,0,14,322
,Female,256,4,0,0,7,267
4423,Male,41,0,0,0,0,41
,Female,42,0,0,0,0,42
4424,Male,82,0,0,0,0,85
,Female,50,0,0,0,0,50
4425,Male,122,3,0,0,3,122
,Female,95,9,0,0,0,102
4426,Male,73,3,0,0,18,90
,Female,70,0,0,0,12,82
4427,Male,86,7,0,0,4,102
,Female,74,9,0,0,0,76
4428,Male,361,12,0,0,12,383
,Female,310,19,0,0,11,331
4454,Male,408,16,0,0,18,443
,Female,345,12,0,0,12,374
4455,Male,3534,282,3,3,170,4001
,Female,3498,308,7,3,177,3993
4462,Male,97,0,0,0,0,100
,Female,104,0,0,0,3,108
4465,Male,584,71,0,0,37,700
,Female,545,71,0,5,41,653
4467,Male,100,0,0,0,0,97
,Female,87,0,0,0,0,89
4468,Male,157,5,0,3,6,172
,Female,136,0,0,4,3,146
4470,Male,1533,196,3,0,132,1868
,Female,1545,213,8,10,93,1875
4472,Male,672,21,0,0,19,715
,Female,712,15,0,0,16,742
4474,Male,25,0,0,0,0,26
,Female,29,0,0,0,0,29
4475,Male,49,0,0,0,4,50
,Female,28,0,0,0,3,30
4477,Male,234,14,0,4,9,263
,Female,245,11,0,0,7,260
4478,Male,259,12,0,0,13,281
,Female,259,16,0,0,3,278
4480,Male,413,48,0,0,36,495
,Female,354,48,0,0,30,428
4481,Male,71,4,0,0,4,87
,Female,58,10,0,0,3,74
4482,Male,36,17,0,0,8,60
,Female,29,23,0,0,3,58
4486,Male,292,74,0,3,15,380
,Female,240,80,0,3,4,323
4487,Male,1268,215,7,3,75,1572
,Female,1233,238,0,3,72,1544
4488,Male,155,12,0,0,20,182
,Female,127,18,0,0,10,152
4489,Male,60,3,0,0,0,62
,Female,46,6,0,0,0,54
4490,Male,556,240,0,7,71,870
,Female,513,273,0,3,49,833
4491,Male,55,0,0,0,7,62
,Female,45,4,0,0,0,47
4492,Male,113,9,0,0,8,129
,Female,84,18,0,0,3,107
4493,Male,33,0,0,0,0,34
,Female,22,3,0,0,0,24
4494,Male,239,5,0,0,5,250
,Female,209,6,0,0,16,227
4496,Male,112,0,0,0,4,115
,Female,87,0,0,0,3,90
4497,Male,203,8,0,0,11,220
,Female,169,17,0,0,6,193
4498,Male,60,4,0,0,0,65
,Female,50,5,0,0,0,57
4500,Male,14593,204,19,14,672,15501
,Female,14882,222,24,8,600,15730
4501,Male,2572,55,0,7,130,2768
,Female,2678,73,3,10,116,2873
4502,Male,4039,72,0,3,113,4226
,Female,4138,55,3,0,148,4339
4503,Male,12640,209,11,7,575,13441
,Female,13033,227,19,10,486,13767
4504,Male,6115,76,5,3,289,6494
,Female,6194,78,5,0,232,6506
4505,Male,7067,104,4,5,329,7519
,Female,7280,122,12,10,306,7734
4506,Male,8598,148,15,14,377,9148
,Female,8726,155,14,13,348,9262
4507,Male,7182,103,5,4,322,7614
,Female,7774,124,13,6,389,8294
4508,Male,7878,276,12,14,594,8778
,Female,8262,268,13,11,566,9131
4509,Male,4197,49,7,4,143,4399
,Female,4468,53,3,0,135,4668
4510,Male,15395,403,40,24,843,16712
,Female,15986,414,35,33,828,17294
4511,Male,2779,53,3,3,185,3025
,Female,2852,63,0,3,192,3114
4512,Male,1110,11,0,0,63,1187
,Female,1079,13,6,0,48,1145
4514,Male,2806,142,49,3,163,3162
,Female,2096,46,0,3,170,2311
4515,Male,1131,21,0,0,37,1193
,Female,1085,38,0,0,49,1172
4516,Male,1723,16,0,0,98,1841
,Female,1704,13,0,0,85,1805
4517,Male,120,4,0,0,10,135
,Female,138,0,0,0,7,150
4518,Male,2047,29,3,0,155,2229
,Female,2026,36,4,0,147,2221
4519,Male,2611,55,0,0,193,2853
,Female,2638,48,0,4,167,2863
4520,Male,5424,51,0,0,184,5665
,Female,5282,41,0,0,178,5494
4521,Male,1784,25,0,0,59,1868
,Female,1777,21,3,0,48,1848
4550,Male,1813,31,3,0,60,1914
,Female,1802,30,5,3,63,1894
4551,Male,18830,231,16,9,918,20008
,Female,20511,231,27,14,884,21663
4552,Male,3250,31,0,0,241,3523
,Female,3468,34,3,0,254,3750
4553,Male,2163,27,0,0,115,2303
,Female,2221,22,0,0,99,2349
4554,Male,938,3,0,0,58,1002
,Female,914,3,0,0,52,975
4555,Male,2989,36,3,0,121,3157
,Female,3136,37,3,0,116,3289
4556,Male,15149,124,6,3,858,16146
,Female,17232,117,6,5,949,18308
4557,Male,6131,63,6,10,500,6704
,Female,6242,60,7,6,402,6716
4558,Male,6963,94,7,6,570,7640
,Female,7683,104,11,7,441,8243
4559,Male,2344,24,0,0,106,2474
,Female,2248,30,0,0,109,2379
4560,Male,11852,216,32,31,467,12600
,Female,12724,233,24,15,473,13469
4561,Male,2784,24,3,0,105,2915
,Female,2657,22,0,3,74,2749
4562,Male,3412,21,3,4,125,3560
,Female,3406,21,0,0,112,3539
4563,Male,3498,37,4,0,166,3705
,Female,3626,50,5,0,198,3881
4564,Male,4038,45,3,3,352,4445
,Female,4139,55,3,0,243,4435
4565,Male,6005,68,7,0,482,6560
,Female,6311,64,8,6,447,6835
4566,Male,2887,16,0,0,216,3118
,Female,3170,14,0,0,223,3409
4567,Male,4343,26,0,0,568,4935
,Female,4642,41,0,0,444,5122
4568,Male,1249,22,0,0,55,1329
,Female,1254,14,0,0,55,1321
4569,Male,913,4,0,0,42,965
,Female,936,3,0,0,49,989
4570,Male,16802,311,27,16,799,17964
,Female,17051,350,19,17,766,18198
4571,Male,240,9,0,0,26,271
,Female,231,7,3,0,34,269
4572,Male,1542,5,0,0,151,1696
,Female,1507,12,0,0,118,1638
4573,Male,7785,98,8,12,479,8381
,Female,8165,69,5,5,487,8733
4574,Male,570,5,0,0,34,609
,Female,522,7,0,0,22,551
4575,Male,9055,109,14,7,410,9585
,Female,9606,121,0,3,416,10149
4580,Male,1907,59,5,6,94,2074
,Female,1817,56,3,0,87,1959
4581,Male,596,11,4,3,107,729
,Female,535,12,0,0,89,633
4600,Male,316,7,0,0,27,349
,Female,300,20,0,0,12,329
4601,Male,542,14,0,3,26,588
,Female,553,8,0,0,34,600
4605,Male,1456,666,0,16,113,2252
,Female,1499,709,3,11,114,2337
4606,Male,835,59,0,0,48,940
,Female,863,56,0,0,45,967
4608,Male,403,8,3,0,14,437
,Female,385,16,4,0,12,416
4610,Male,6170,132,3,4,434,6743
,Female,6304,111,6,0,429,6851
4612,Male,292,0,0,0,20,307
,Female,246,0,0,0,9,260
4613,Male,354,7,0,0,14,378
,Female,317,12,0,0,12,344
4614,Male,423,16,0,0,19,467
,Female,446,14,0,0,19,481
4615,Male,2838,90,7,5,160,3100
,Female,2837,99,8,7,130,3074
4620,Male,56,3,0,0,0,60
,Female,58,3,0,0,0,59
4621,Male,938,23,0,3,27,993
,Female,899,18,0,0,24,945
4625,Male,1212,82,3,9,56,1363
,Female,1237,69,7,11,51,1375
4626,Male,1003,41,7,0,73,1125
,Female,899,40,0,0,48,991
4627,Male,327,85,0,0,35,449
,Female,295,82,3,0,27,413
4630,Male,1146,12,3,3,41,1210
,Female,1153,10,11,0,47,1228
4650,Male,14509,438,71,40,645,15699
,Female,14677,359,35,36,530,15634
4655,Male,21168,493,40,41,1057,22796
,Female,22581,548,34,41,933,24142
4659,Male,1818,52,3,3,82,1956
,Female,1806,45,0,3,66,1922
4660,Male,2844,59,5,3,205,3108
,Female,2698,57,3,0,168,2931
4662,Male,175,3,0,0,27,206
,Female,181,4,0,0,27,213
4670,Male,32072,794,64,83,1955,34965
,Female,33853,935,74,84,1794,36747
4671,Male,2443,57,8,0,143,2655
,Female,2278,58,5,10,115,2471
4673,Male,187,0,0,3,13,207
,Female,168,3,3,0,8,185
4674,Male,722,20,0,0,100,845
,Female,615,14,0,0,79,706
4676,Male,122,0,0,0,7,128
,Female,113,0,0,0,13,128
4677,Male,1305,25,3,0,121,1458
,Female,1203,26,0,0,77,1302
4678,Male,334,3,0,0,32,372
,Female,283,0,0,0,25,313
4680,Male,20573,606,35,76,1367,22655
,Female,19823,592,48,73,1051,21593
4694,Male,133,3,0,0,10,151
,Female,124,4,0,0,4,131
4695,Male,552,15,0,0,21,589
,Female,486,24,0,0,20,528
4699,Male,45,0,0,0,6,55
,Female,42,3,0,0,3,52
4700,Male,7445,364,29,30,685,8552
,Female,7882,357,23,24,610,8901
4701,Male,17491,1037,97,80,1216,19922
,Female,18206,1169,102,89,921,20472
4702,Male,11785,514,106,20,957,13387
,Female,10801,454,29,20,611,11915
4703,Male,7381,194,38,20,581,8213
,Female,7512,194,12,24,427,8159
4705,Male,178,6,0,0,34,221
,Female,168,3,0,0,24,201
4706,Male,53,3,0,0,3,59
,Female,39,0,0,0,7,52
4707,Male,158,0,0,0,19,176
,Female,130,3,0,0,17,144
4709,Male,798,19,0,3,118,939
,Female,675,21,0,6,34,741
4710,Male,1410,45,5,7,96,1560
,Female,1447,59,10,3,70,1591
4711,Male,793,3,0,0,44,842
,Female,760,6,0,0,33,795
4712,Male,86,31,0,0,7,131
,Female,80,31,0,0,8,116
4713,Male,17,369,0,34,4,423
,Female,21,379,0,19,3,428
4714,Male,1095,134,8,4,96,1327
,Female,1039,162,3,0,88,1289
4715,Male,3390,80,3,0,197,3666
,Female,3197,86,3,4,150,3440
4716,Male,399,3,0,0,10,412
,Female,375,8,0,0,12,395
4717,Male,2409,90,6,4,352,2855
,Female,2003,92,0,4,194,2292
4718,Male,1124,54,3,0,56,1238
,Female,976,42,6,0,60,1087
4719,Male,636,34,0,0,26,699
,Female,600,50,3,0,13,659
4720,Male,5916,176,9,11,428,6535
,Female,5496,183,5,6,289,5983
4721,Male,1456,26,3,5,90,1577
,Female,1492,14,4,3,66,1580
4722,Male,834,20,0,3,24,879
,Female,697,21,0,3,11,732
4723,Male,383,6,0,0,26,420
,Female,365,9,0,0,9,382
4724,Male,304,10,0,0,6,323
,Female,271,10,0,3,3,283
4725,Male,694,67,0,0,47,803
,Female,693,74,0,0,49,815
4726,Male,257,7,3,0,20,290
,Female,239,4,6,0,10,265
4727,Male,127,0,0,0,3,134
,Female,128,3,0,0,3,131
4728,Male,149,3,0,0,7,164
,Female,138,0,0,0,5,147
4730,Male,1557,69,3,12,129,1770
,Female,1616,62,3,5,125,1816
4731,Male,101,0,0,0,4,107
,Female,76,0,0,0,5,82
4732,Male,60,0,0,0,5,60
,Female,43,0,0,0,3,43
4733,Male,20,0,0,0,3,27
,Female,16,0,0,0,3,20
4735,Male,581,49,11,5,83,728
,Female,511,57,13,0,46,620
4736,Male,76,3,0,0,0,78
,Female,62,4,0,0,0,65
4737,Male,3158,116,38,27,278,3619
,Female,3023,129,54,20,218,3448
4738,Male,377,0,4,0,24,399
,Female,314,3,7,0,19,340
4739,Male,143,6,4,0,35,182
,Female,122,5,0,0,30,154
4740,Male,32032,806,440,200,3327,36810
,Female,31929,786,468,236,2413,35832
4741,Male,2849,36,21,3,298,3204
,Female,2581,31,8,3,195,2818
4742,Male,678,15,3,0,247,945
,Female,496,15,4,0,84,602
4743,Male,493,15,0,0,106,616
,Female,410,11,0,0,78,499
4744,Male,3578,55,0,7,383,4028
,Female,3002,55,12,4,193,3265
4745,Male,1479,46,12,3,273,1817
,Female,1238,29,3,7,40,1321
4746,Male,1053,18,0,0,248,1318
,Female,908,23,0,0,107,1040
4750,Male,2024,56,23,18,172,2288
,Female,1973,55,19,19,110,2175
4751,Male,1601,19,10,3,86,1716
,Female,1650,30,18,0,53,1756
4753,Male,1097,23,5,0,74,1198
,Female,990,20,8,0,56,1070
4754,Male,854,13,6,5,109,995
,Female,853,17,5,0,79,961
4756,Male,239,9,3,4,21,274
,Female,228,9,3,0,12,253
4757,Male,154,9,0,0,23,180
,Female,139,9,0,0,19,167
4798,Male,498,12,0,0,32,541
,Female,438,21,3,0,19,478
4799,Male,502,9,3,3,27,549
,Female,438,12,4,0,23,485
4800,Male,3733,71,26,14,221,4065
,Female,3506,101,19,15,141,3774
4801,Male,201,0,0,0,53,254
,Female,152,0,0,0,30,185
4802,Male,3373,36,5,0,482,3892
,Female,3041,29,8,0,313,3388
4803,Male,410,0,0,0,365,776
,Female,344,0,0,0,227,575
4804,Male,1051,37,0,0,149,1240
,Female,1029,38,0,0,90,1153
4805,Male,4322,314,36,33,573,5274
,Female,3976,298,25,20,389,4710
4806,Male,1846,61,12,7,68,2004
,Female,1819,93,8,11,62,1993
4807,Male,5075,194,43,34,261,5609
,Female,5050,228,40,32,218,5564
4808,Male,349,11,7,3,20,389
,Female,340,22,11,0,17,393
4809,Male,496,14,0,0,68,573
,Female,439,14,0,0,44,490
4810,Male,8615,262,51,43,1067,10039
,Female,8063,278,94,55,821,9308
4811,Male,4712,433,105,24,297,5573
,Female,4829,270,46,15,286,5443
4812,Male,8184,309,89,56,550,9183
,Female,8484,330,91,60,455,9426
4813,Male,693,12,0,0,53,764
,Female,34,0,0,0,3,42
4814,Male,16455,658,185,136,1235,18672
,Female,16696,799,188,168,1058,18910
4815,Male,9000,564,169,95,563,10383
,Female,9527,626,199,140,525,11021
4816,Male,3069,880,19,112,266,4354
,Female,2740,939,13,93,190,3978
4817,Male,11726,432,106,62,466,12786
,Female,12137,504,116,40,406,13197
4818,Male,6332,200,33,23,275,6867
,Female,5972,212,26,23,201,6437
4819,Male,997,22,3,0,109,1132
,Female,897,12,0,0,70,983
4820,Male,4373,393,20,28,255,5077
,Female,4485,386,14,28,242,5161
4821,Male,728,63,0,4,41,833
,Female,681,74,0,4,35,790
4822,Male,326,22,0,0,45,395
,Female,283,23,0,0,22,327
4823,Male,431,23,0,0,49,503
,Female,347,17,0,0,31,395
4824,Male,1142,246,4,9,136,1546
,Female,927,265,4,11,123,1327
4828,Male,100,56,0,0,7,161
,Female,69,81,0,0,4,154
4829,Male,121,60,0,0,7,191
,Female,97,56,0,0,8,159
4830,Male,208,580,0,0,64,857
,Female,135,541,0,3,39,720
4849,Male,858,48,3,8,46,959
,Female,773,58,0,3,44,886
4850,Male,5213,275,102,44,173,5801
,Female,5137,245,38,30,159,5606
4852,Male,1090,13,7,4,155,1264
,Female,997,13,5,4,108,1124
4854,Male,2931,206,80,27,228,3471
,Female,2645,208,90,47,165,3156
4855,Male,104,4,0,0,3,111
,Female,109,6,0,0,6,125
4856,Male,144,3,3,0,13,169
,Female,137,0,0,0,14,156
4857,Male,159,9,0,0,13,182
,Female,141,0,0,0,5,144
4858,Male,636,11,10,3,25,688
,Female,648,25,7,3,27,701
4859,Male,218,16,0,0,17,250
,Female,192,23,3,4,16,231
4860,Male,4785,416,86,103,549,5940
,Female,4702,464,77,100,535,5871
4861,Male,760,63,27,7,51,902
,Female,751,59,15,6,38,878
4865,Male,2235,175,42,34,140,2632
,Female,2158,197,51,38,115,2565
4868,Male,7071,364,241,130,534,8336
,Female,7134,467,265,144,422,8435
4869,Male,6278,374,161,136,536,7486
,Female,6556,399,184,132,493,7766
4870,Male,24190,1136,866,372,3264,29833
,Female,24042,1314,972,424,2913,29660
4871,Male,4676,3177,78,155,400,8486
,Female,3925,3418,56,140,313,7856
4872,Male,2628,141,11,14,234,3025
,Female,2549,155,18,12,194,2932
4873,Male,2442,276,18,67,303,3103
,Female,2291,280,18,69,222,2886
4874,Male,1225,393,130,236,141,2123
,Female,966,388,100,237,120,1809
4875,Male,603,59,2630,437,119,3848
,Female,516,78,2641,445,96,3776
4876,Male,88,104,346,384,21,937
,Female,63,117,417,386,21,1001
4877,Male,1944,27,21,8,172,2179
,Female,1831,13,11,6,123,1992
4878,Male,4764,133,92,54,404,5449
,Female,4925,152,105,49,317,5548
4879,Male,5655,101,38,17,554,6368
,Female,5800,91,37,15,516,6460
4880,Male,4408,695,188,37,333,5668
,Female,4262,484,26,35,335,5143
4881,Male,1457,187,8,5,225,1884
,Female,1413,182,8,5,216,1829
4882,Male,978,26,3,4,37,1051
,Female,995,35,0,4,35,1072
4883,Male,2914,194,14,37,142,3306
,Female,3266,203,14,34,123,3648
4884,Male,708,13,0,0,91,813
,Female,716,14,0,3,91,825
4885,Male,1831,60,0,5,110,1999
,Female,1901,75,11,0,83,2071
4886,Male,326,11,0,0,5,346
,Female,276,15,3,0,10,302
4887,Male,728,61,10,9,71,874
,Female,749,89,26,19,78,957
4888,Male,1271,112,7,17,147,1556
,Female,1138,126,9,21,111,1403
4890,Male,326,313,3,4,72,720
4890,Female,255,346,3,9,49,666
4891,Male,219,18,3,4,46,292
,Female,182,17,3,0,30,232
4895,Male,1067,627,8,21,212,1928
,Female,905,628,15,20,150,1713
4998,Male,6057,245,30,13,918,7268
4998,Female,4852,165,22,16,487,5542
4999,Male,68,0,10,0,6,83
4999,Female,14,0,0,0,0,11
Total,Male,1744282,46759,9267,5076,118895,1924289
,Female,1792527,48822,9035,5259,103529,1959175
